title,TL;DR,Summarized Abstract,Conclusions,Methods Used,Objectives,Findings,Dataset,Research Gap,Future Research
language_understanding_paper.pdf,"- The paper presents a framework for enhancing natural language understanding through generative pre-training followed by discriminative fine-tuning on various tasks.  
- It demonstrates that a task-agnostic model can outperform task-specific models, achieving state-of-the-art results in 9 out of 12 evaluated tasks, including commonsense reasoning and question answering.   
- The approach leverages large unlabeled text corpora for pre-training, which significantly improves performance on tasks like natural language inference and text classification.   
- The findings suggest that unsupervised learning can effectively enhance performance across diverse natural language understanding tasks. ","- The paper presents a method for improving natural language understanding through generative pre-training followed by discriminative fine-tuning. 
- It addresses the challenge of scarce labeled data for various tasks such as question answering and textual entailment by leveraging large unlabeled text corpora. 
- The authors demonstrate that their task-agnostic model significantly outperforms traditional discriminatively trained models across multiple benchmarks, achieving state-of-the-art results in 9 out of 12 tasks.  
- The approach utilizes task-aware input transformations during fine-tuning, requiring minimal changes to the model architecture. ","- The paper introduces a framework that enhances natural language understanding through a single task-agnostic model, utilizing generative pre-training followed by discriminative fine-tuning. 
- It demonstrates that pre-training on a diverse corpus enables the model to acquire significant world knowledge and manage long-range dependencies, which are beneficial for various discriminative tasks. 
- The approach leads to substantial performance improvements on 9 out of 12 evaluated datasets, suggesting the effectiveness of unsupervised learning in natural language processing. 
- The findings encourage further research into unsupervised learning techniques across different domains. ","- The paper employs a two-stage training procedure, beginning with unsupervised pre-training on a large corpus of unlabeled text using a language modeling objective. This step aims to learn the initial parameters of a neural network model. 
- Following pre-training, the model undergoes discriminative fine-tuning on specific tasks using labeled datasets, adapting the learned parameters to the target tasks. 
- The methodology incorporates task-aware input transformations during fine-tuning to enhance transfer effectiveness while minimizing architectural changes. 
- Additionally, the inclusion of language modeling as an auxiliary objective during fine-tuning is utilized to improve generalization and accelerate convergence. ","- The research objectives of the paper focus on exploring a semi-supervised approach for language understanding tasks by combining unsupervised pre-training with supervised fine-tuning. 
- The aim is to learn a universal representation that can transfer with minimal adaptation across a wide range of tasks, leveraging a large corpus of unlabeled text alongside labeled datasets. 
- The study seeks to demonstrate that significant performance gains are achievable through generative pre-training and discriminative fine-tuning, improving state-of-the-art results on various natural language understanding benchmarks.  
- Additionally, the research investigates the effectiveness of task-aware input transformations during fine-tuning. ","- The research demonstrates that generative pre-training of a language model on a diverse corpus of unlabeled text, followed by discriminative fine-tuning, significantly improves performance on various natural language understanding tasks.  
- The model outperforms discriminatively trained models on 9 out of 12 tasks, achieving notable improvements in commonsense reasoning, question answering, and textual entailment.  
- The use of the Transformer architecture enhances the model's ability to handle long-term dependencies, resulting in robust transfer performance across tasks.  
- Including language modeling as an auxiliary objective during fine-tuning improves generalization and accelerates convergence.  
- The findings suggest that unsupervised learning can significantly boost performance in natural language understanding tasks. ","- The study utilized several datasets for various natural language understanding tasks, including:
  - Natural Language Inference: SNLI, MultiNLI, Question NLI, RTE, and SciTail.  
  - Question Answering: RACE and Story Cloze.  
  - Semantic Similarity: Microsoft Paraphrase Corpus, Quora Question Pairs, and STS Benchmark.  
  - Classification: Stanford Sentiment Treebank-2 and CoLA.  
- These datasets were chosen to evaluate the model's performance across a range of tasks and benchmarks. ","- The research paper does not explore the potential benefits of multi-task training for the model, despite its strong performance on larger natural language inference (NLI) datasets, indicating a gap in understanding how multi-task learning could enhance model capabilities. 
- There is limited investigation into the effects of the auxiliary language modeling objective on smaller datasets, suggesting a need for further research to determine its impact across varying dataset sizes. 
- The paper lacks a comprehensive analysis of the model's performance compared to other architectures beyond the transformer, particularly in specific tasks. ","- Future research aims to enhance understanding of unsupervised learning, particularly in natural language understanding and other domains. This exploration seeks to clarify the conditions under which unsupervised learning is effective. 
- Investigating the integration of more complex semantic representations, such as phrase-level or sentence-level embeddings, from unlabeled data is another area of interest. 
- Additionally, there is potential for further studies on the impact of generative pre-training on various tasks and its effectiveness compared to traditional supervised learning methods. "
language_models_are_unsupervised_multitask_learners.pdf,"- The paper demonstrates that language models, specifically GPT-2, can perform various natural language processing tasks without explicit supervision when trained on a large dataset called WebText. 
- GPT-2 achieves state-of-the-art results in a zero-shot setting on multiple language modeling datasets, indicating its capacity for task transfer. 
- The findings suggest that high-capacity models can learn to perform tasks from naturally occurring demonstrations, although performance may still be limited on certain tasks without fine-tuning.  
- The research highlights the potential of unsupervised learning in advancing language processing systems. ","- The paper demonstrates that language models, specifically GPT-2, can learn various natural language processing tasks without explicit supervision when trained on a large dataset called WebText. 
- GPT-2 achieves competitive performance on tasks like question answering and summarization, reaching a 55 F1 score on the CoQA dataset, which is comparable to some baseline systems.  
- The findings suggest that increasing the model's capacity enhances its performance across tasks in a zero-shot setting, indicating a promising direction for developing language processing systems that learn from natural demonstrations. ","- The paper concludes that large language models, when trained on diverse datasets like WebText, can perform well across various domains without explicit supervision. 
- GPT-2 achieves state-of-the-art performance in a zero-shot setting on 7 out of 8 language modeling datasets, indicating its high capacity for task transfer. 
- The findings suggest that these models begin to learn task performance from naturally occurring demonstrations, although their zero-shot performance is still rudimentary for some tasks like summarization. 
- Further research is needed to explore the potential of fine-tuning to enhance performance on specific tasks. ","- The paper employs unsupervised learning methods for language modeling, focusing on distribution estimation from variable-length sequences of symbols. This approach allows for tractable sampling and estimation of probabilities. 
- It demonstrates zero-shot task transfer capabilities of language models, showing that they can perform various downstream tasks without any parameter or architecture modifications. 
- The research utilizes a dataset called WebText, which is curated from high-quality web pages, to train the language models. 
- The performance of the models is evaluated on multiple natural language processing tasks, including reading comprehension and summarization, to assess their effectiveness. ","- The primary objective of the research paper is to explore the capabilities of language models, particularly in performing various natural language processing tasks without explicit supervision, known as zero-shot learning.  
- The authors aim to demonstrate that large language models, like GPT-2, can achieve competitive performance across multiple tasks by leveraging a diverse dataset, WebText, for training.  
- Additionally, the paper seeks to connect the concepts of multitask learning and transfer learning, emphasizing the potential of general systems that do not require task-specific datasets.  
- The research also investigates the limitations and performance of these models on various tasks, highlighting areas for future exploration and improvement. ","- The research demonstrates that language models, particularly GPT-2, can perform various natural language processing tasks in a zero-shot setting without explicit supervision, achieving state-of-the-art results on multiple datasets.  
- It highlights the importance of model capacity, indicating that larger models trained on diverse datasets improve performance across tasks in a log-linear fashion.  
- The findings suggest that unsupervised task learning is a promising area for further exploration, as GPT-2 shows competitive performance in reading comprehension but still underperforms in tasks like summarization. ","- The study primarily utilized a new dataset called WebText, which consists of millions of webpages. This dataset was crucial for training the language model without explicit supervision. 
- Additionally, the research referenced prior work that trained language models on single-domain datasets, such as news articles, Wikipedia, and fiction books. 
- The analysis also included various language modeling benchmarks, such as GLUE and decaNLP, to evaluate the model's performance across different tasks and domains.  
- The study highlighted the importance of diverse and large datasets for improving the generalization capabilities of language models. ","- The research identifies a gap in understanding the ceiling of performance for GPT-2 when fine-tuned on various tasks, as it is unclear how much improvement can be achieved beyond zero-shot performance. 
- There is a need for better de-duplication techniques to assess the impact of highly similar text on performance, suggesting that current methods may not adequately address this issue. 
- The paper indicates that while GPT-2 performs competitively in zero-shot settings, its performance on tasks like summarization remains rudimentary, highlighting a gap in practical usability. ","- Future research should explore unsupervised task learning as a promising area, given its potential to enhance the performance of language models without the need for supervised adaptation or modification. 
- Investigating the fine-tuning of models like GPT-2 on various benchmarks, such as decaNLP and GLUE, is essential to understand the ceiling of performance improvements. 
- There is a need to evaluate the performance of language models on additional practical tasks, as current models may still perform no better than random on many tasks. 
- Further research could focus on optimizing input representation methods to improve the competitiveness of byte-level language models against word-level models. "
Language Models are Few-Shot Learners.pdf,"- The paper demonstrates that scaling up language models, specifically GPT-3 with 175 billion parameters, significantly enhances few-shot learning capabilities, allowing the model to perform various NLP tasks without fine-tuning. 
- GPT-3 achieves competitive performance on tasks such as translation, question-answering, and reasoning, often only requiring a few examples. 
- However, the model still faces challenges with certain datasets and methodological issues related to training on large web corpora.  
- The findings raise important discussions about the societal impacts of advanced language models like GPT-3. ","- The paper presents GPT-3, a 175 billion parameter autoregressive language model that significantly enhances few-shot learning capabilities in natural language processing (NLP) tasks. 
- Unlike traditional models requiring extensive fine-tuning, GPT-3 performs tasks based solely on text prompts, achieving competitive results across various benchmarks, including translation and question-answering. 
- The authors identify limitations in GPT-3's performance on certain datasets and discuss potential methodological issues stemming from its training on large web corpora.  
- The findings suggest that large language models like GPT-3 could play a crucial role in developing adaptable language systems. ","- The paper presents a 175 billion parameter language model, GPT-3, which demonstrates strong performance across various NLP tasks in zero-shot, one-shot, and few-shot settings, often nearing the performance of state-of-the-art fine-tuned systems. 
- It documents predictable trends in performance scaling without fine-tuning, suggesting that large language models may be crucial for developing adaptable general language systems. 
- The authors also discuss the social impacts of such models, acknowledging their limitations and biases, while emphasizing the need for further exploration in the context of language model applications. ","- The paper focuses on three primary methods for evaluating language models: zero-shot, one-shot, and few-shot learning. These methods are not viewed as competing alternatives but as different problem settings that offer varying trade-offs between performance on specific benchmarks and sample efficiency.  
- The few-shot method is particularly highlighted, as many results are only slightly behind state-of-the-art fine-tuned models.  
- The paper also discusses the training process and data used for these models, emphasizing the importance of these methods in comparison to traditional fine-tuning. ","- The research paper aims to demonstrate the effectiveness of scaling up language models, specifically GPT-3, to improve few-shot learning performance across various NLP tasks without the need for fine-tuning. 
- It seeks to characterize the strengths and weaknesses of GPT-3 in in-context learning, highlighting its ability to perform tasks with minimal examples. 
- The study also addresses the limitations of current pretraining objectives and explores potential future directions for enhancing language models, including the incorporation of additional modalities and reinforcement learning.  
- Lastly, it discusses the broader societal impacts of large language models and their implications for adaptable language systems. ","- The research presents GPT-3, a 175 billion parameter language model, demonstrating strong performance across various NLP tasks in zero-shot, one-shot, and few-shot settings, often rivaling state-of-the-art fine-tuned models. 
- It highlights the concept of in-context learning, where the model can perform tasks based on few examples without fine-tuning. 
- The study identifies limitations in few-shot performance on certain tasks and discusses potential biases in models trained on large web corpora. 
- Additionally, it reveals that human evaluators often struggle to distinguish between GPT-3-generated articles and those written by humans.  ","- The study utilized the Common Crawl dataset, which consists of nearly a trillion words, serving as the primary dataset for training the language models. 
- To enhance the quality of the dataset, the authors filtered a version of Common Crawl based on similarity to high-quality reference corpora and performed fuzzy deduplication to prevent redundancy. 
- Additionally, known high-quality reference corpora were added to augment Common Crawl, increasing its diversity. 
- The study also evaluated GPT-3 on standardized datasets, including the SuperGLUE benchmark, to compare its performance systematically. ","- The paper identifies a lack of understanding regarding how few-shot learning operates in GPT-3, particularly whether it learns tasks from scratch or recognizes previously learned tasks during inference. This ambiguity presents a significant research gap. 
- There is a need for exploration into the limitations of scaling language models, as they may encounter the limits of their pretraining objectives, which currently treat all tokens equally without prioritizing important predictions. 
- The paper suggests that future research should focus on improving sample efficiency during pre-training and grounding models in real-world experiences. ","- Future research is expected to focus on characterizing biases in large-scale generative models, particularly regarding gender, race, and religion, as these areas present inherent difficulties and subjectivity in analysis.  
- There is a need for continuous exploration of methodological approaches to better understand and mitigate biases in language models. 
- Additionally, the integration of different modalities, such as images, and the development of goal-directed language systems may enhance the capabilities of language models beyond pure self-supervised prediction. 
- Meta-learning and in-context learning are also promising directions for improving task adaptation in language models. "
gpt-4.pdf,"- The paper presents GPT-4, a large-scale multimodal model capable of processing both image and text inputs to generate text outputs. 
- GPT-4 demonstrates human-level performance on various professional and academic benchmarks, including scoring in the top 10% on a simulated bar exam. 
- The model is pre-trained using publicly available and licensed data, followed by fine-tuning through Reinforcement Learning from Human Feedback (RLHF). 
- The report discusses the model's capabilities, limitations, and safety properties, emphasizing the need for ongoing research into its risks and alignment. ","- The paper reports on the development of GPT-4, a large-scale multimodal model capable of processing both image and text inputs to produce text outputs.  
- While it is less capable than humans in many real-world scenarios, GPT-4 demonstrates human-level performance on various professional and academic benchmarks, including a simulated bar exam where it scored in the top 10% of test takers.  
- The model is pre-trained to predict the next token in a document, with a post-training alignment process enhancing its factuality and adherence to desired behavior.  
- The infrastructure and optimization methods developed allow for predictable performance across various scales. ","- The paper concludes that GPT-4 is a large multimodal model that demonstrates human-level performance on challenging professional and academic benchmarks, outperforming existing large language models on various NLP tasks. 
- It highlights that GPT-4's capabilities can be observed across multiple languages, not just English. 
- The authors emphasize the importance of predictable scaling in making accurate predictions about GPT-4's performance. 
- They also address the new risks associated with increased capabilities and discuss methods to enhance safety and alignment, indicating that while progress has been made, further work is necessary. ","- The paper employs a methodology that includes sourcing recent publicly-available official past exams and practice exams from third-party study materials, ensuring the training data is not contaminated with exam questions. This was done in collaboration with CaseText and Stanford CodeX. 
- The model utilizes a three-step process for training: Supervised Fine-Tuning (SFT), Reward Model (RM) training, and Reinforcement Learning from Human Feedback (RLHF). These steps involve collecting demonstration data, ranking outputs, and providing additional reward signals to improve model behavior.   
- The development of deep learning infrastructure and optimization methods that behave predictably across various scales was also a key focus. ","- The research objectives of the paper include the development of GPT-4, a large-scale multimodal model capable of processing both image and text inputs to produce text outputs. 
- It aims to achieve human-level performance on various professional and academic benchmarks while addressing safety challenges associated with the model's limitations and capabilities.  
- The paper also focuses on understanding and improving the safety and alignment of GPT-4, highlighting the need for multiple levels of defense against potential misuses.  
- Additionally, it emphasizes the importance of independent auditing and transparency in the development of AI technologies. ","- The research findings indicate that GPT-4 is a large-scale, multimodal model capable of processing both image and text inputs, achieving human-level performance on various professional and academic benchmarks, including a simulated bar exam where it scored in the top 10% of test takers. 
- GPT-4 demonstrates improved capabilities across multiple languages and outperforms existing large language models on numerous NLP tasks. 
- The study highlights safety challenges associated with the model's limitations and capabilities, emphasizing the need for ongoing research into its safety and alignment.  ","- The study utilized the MMLU benchmark, which consists of multiple-choice problems spanning 57 subjects, to evaluate GPT-4's capabilities across various languages. This benchmark was translated into different languages using Azure Translate to assess performance beyond English. 
- Additionally, user prompts collected from ChatGPT and the OpenAI API were sampled to compare responses generated by GPT-4 and GPT-3.5, allowing for an evaluation of user intent adherence. 
- The dataset contributions involved numerous contributors who assisted in sourcing and processing data for the model. ","- The paper identifies that GPT-4 has various biases in its outputs, which require further characterization and management to ensure reasonable default behaviors that reflect diverse user values. 
- There is a need for more research into the economic impacts of AI and increased automation, as well as the necessary structures to facilitate a smoother societal transition. 
- The limitations of GPT-4, such as its unreliability and tendency to 'hallucinate' facts, highlight the necessity for ongoing studies to address these safety challenges and their societal implications.  
- The report emphasizes the importance of independent auditing and transparency in the development of large-scale models like GPT-4. ","- Future research should focus on robust evaluations for risky emergent behaviors in language models, including situational awareness, persuasion, and long-horizon planning. 
- There is a need for interpretability, explainability, and calibration to address the challenges posed by 'black-box' AI models. 
- Promoting AI literacy is essential to ensure appropriate scrutiny of model outputs. 
- Research should also explore the economic impacts of AI and increased automation, along with structures to facilitate smoother societal transitions. 
- Broader public participation in defining optimal behaviors for AI models is encouraged. "
Putting GPT-4o to the Sword.pdf,"- The research paper evaluates the comprehensive capabilities of GPT-4o across language, vision, speech, and multimodal tasks, revealing high accuracy and efficiency, particularly in few-shot learning scenarios. 
- It highlights significant improvements in multimodal tasks compared to previous models, while also noting limitations in handling complex inputs. 
- The study emphasizes the importance of robust evaluation frameworks and suggests future work should focus on expanding datasets and enhancing practical applicability.  
- Overall, GPT-4o demonstrates advanced capabilities, positioning it as a valuable tool in various fields requiring multimodal analysis. ","- The research paper evaluates the comprehensive capabilities of GPT-4o across language, vision, speech, and multimodal tasks. 
- It employs standardized assessments to measure the model's performance in language tasks, image classification, and accent recognition. 
- Findings indicate high accuracy in language and reasoning, with notable improvements in multimodal tasks compared to previous models. 
- However, GPT-4o exhibits limitations in handling complex inputs, particularly in audio and vision. 
- The study emphasizes the need for enhanced evaluation frameworks and future research to expand datasets and improve few-shot learning techniques. ","- The research concludes that GPT-4o demonstrates high accuracy and efficiency in language, vision, speech, and multimodal tasks, outperforming its predecessors in several areas, particularly in few-shot learning.  
- However, the model exhibits variability and limitations in handling complex and ambiguous inputs, necessitating further investigation into its performance.  
- The study emphasizes the need for comprehensive benchmarks and qualitative assessments to better understand the model's capabilities and weaknesses.  
- Future work should focus on expanding datasets, refining few-shot learning techniques, and enhancing error analysis to improve the model's practical applicability. ","- The research employs standardized exam questions, reasoning tasks, and translation assessments to evaluate the capabilities of GPT-4o across language, vision, speech, and multimodal domains. 
- An advanced NLP technique using BERT for generating sentence embeddings and cosine similarity for measuring semantic similarity between sentences is utilized. 
- The evaluation includes manual technical assessments of logical reasoning tasks, encompassing deductive, inductive, and abductive reasoning.  
- The study also incorporates datasets from various exams, such as the CFA Level 1 Mock Exam, to assess the model's performance in a structured manner. ","- The primary objective of the research is to comprehensively evaluate the capabilities of GPT-4o across various domains, including language, vision, speech, and multimodal tasks. 
- The study aims to systematically assess GPT-4o's performance on a wide range of benchmarks and real-world tasks to understand its strengths and limitations. 
- It seeks to provide insights into the advancements made by GPT-4o compared to previous models, such as GPT-3 and GPT-4, as well as other contemporary models like Google's Gemini and Anthropic's Claude 3.  
- The findings are intended to contribute to ongoing investigations into the practical applications and future development of large language models. ","- The research findings indicate that GPT-4o demonstrates high accuracy and efficiency across multiple domains, particularly in language and reasoning tasks, excelling in few-shot learning scenarios. 
- The model shows notable improvements in multimodal tasks compared to its predecessors, effectively integrating visual and linguistic data. 
- However, GPT-4o exhibits variability and limitations in handling complex and ambiguous inputs, especially in audio and vision capabilities. 
- The study emphasizes the necessity for comprehensive benchmarks and robust evaluation frameworks to better understand the model's capabilities and weaknesses. ","- The study utilized several datasets to evaluate the capabilities of GPT-4o across different reasoning types. For deductive reasoning, the EntailmentBank and bAbI (task 15) datasets were employed. 
- Inductive reasoning was assessed using the CLUTRR and bAbI (task 16) datasets. 
- The aNLI dataset was used for evaluating abductive reasoning. 
- Additionally, the AccentDB dataset was utilized for accent detection tasks, featuring various English accents.  
- The flickr8k captions dataset was used for image captioning tasks, containing images with human-annotated captions.  
- The Visual Question Answering (VQA) dataset was also included, combining images with related natural language questions. ","- The research highlights a significant gap in the comprehensive evaluation of GPT-4o, as existing studies have not rigorously tested the model across diverse tasks and datasets, limiting the understanding of its full capabilities and weaknesses.  
- There is a lack of qualitative assessments and human judgment in evaluating the model's performance, which is crucial for understanding practical usability and contextual accuracy.  
- Additionally, the evaluation datasets, particularly for image and audio data, were relatively small and not exhaustive, necessitating further expansion to capture the model's performance across various scenarios.  ","- Future research should focus on expanding evaluation datasets to include a more diverse range of tasks, enhancing understanding of the model's capabilities and limitations. 
- Integrating real-time and longitudinal data assessments can provide insights into the model's adaptability and performance stability over time. 
- Refining few-shot learning techniques is essential, particularly for tasks with high variability. 
- Investigating advanced prompting strategies and the impact of prompt quality on model performance is crucial. 
- Conducting thorough error analysis to understand the reasons behind low performance will inform targeted training efforts. "
